888Dog0,558,228,products/1000.jpg,it seems that dog is the best animal friend of people in the world.dog is natually friendly to people雪橇犬是原始的古老犬种，在西伯利亚东北部、格陵兰南部生活,0,11/2/2014 20:18:00,1
888Dog1,558,228,products/1200.jpg,it seems that dog is the best animal friend of people in the world.dog is natually friendly to people雪橇犬是原始的古老犬种，在西伯利亚东北部、格陵兰南部生活,0,11/2/2014 20:18:00,1
888Dog2,558,228,products/1400.jpg,it seems that dog is the best animal friend of people in the world.dog is natually friendly to people雪橇犬是原始的古老犬种，在西伯利亚东北部、格陵兰南部生活,0,11/2/2014 20:18:00,1
888Dog3,558,228,products/1500.jpg,it seems that dog is the best animal friend of people in the world.dog is natually friendly to people雪橇犬是原始的古老犬种，在西伯利亚东北部、格陵兰南部生活,0,11/2/2014 20:18:00,1
888Dog4,558,228,products/1600.jpg,it seems that dog is the best animal friend of people in the world.dog is natually friendly to people雪橇犬是原始的古老犬种，在西伯利亚东北部、格陵兰南部生活,0,11/2/2014 20:18:00,1
888Dog5,558,228,products/888.jpg,it seems that dog is the best animal friend of people in the world.dog is natually friendly to people雪橇犬是原始的古老犬种，在西伯利亚东北部、格陵兰南部生活,0,11/2/2014 20:18:00,1
888Dog6,558,228,products/999.jpg,it seems that dog is the best animal friend of people in the world.dog is natually friendly to people雪橇犬是原始的古老犬种，在西伯利亚东北部、格陵兰南部生活,0,11/2/2014 20:18:00,1
888Dog7,558,228,products/222.jpg,it seems that dog is the best animal friend of people in the world.dog is natually friendly to people雪橇犬是原始的古老犬种，在西伯利亚东北部、格陵兰南部生活,0,11/2/2014 20:18:00,1
888Dog8,558,228,products/333.jpg,it seems that dog is the best animal friend of people in the world.dog is natually friendly to people雪橇犬是原始的古老犬种，在西伯利亚东北部、格陵兰南部生活,0,11/2/2014 20:18:00,1
888Dog9,558,228,products/1600.jpg,it seems that dog is the best animal friend of people in the world.dog is natually friendly to people雪橇犬是原始的古老犬种，在西伯利亚东北部、格陵兰南部生活,0,11/2/2014 20:18:00,1
